<?xml version="1.0" encoding="UTF-8"?>
<!DOCTYPE mapper PUBLIC "-//mybatis.org//DTD Mapper 3.0//EN" "http://mybatis.org/dtd/mybatis-3-mapper.dtd">
<mapper namespace="com.study.mapper.CompanyMapper">

   <select id="select" resultType="com.study.dto.CompanyDTO">
      select * from company
   </select>
   
   
   
   <select id="read" resultType="com.study.dto.CompanyDTO">
      select company_id, company_name, company_phone, company_addr, company_man, company_partner_start, company_partner_end
      from company where company_id = #{company_id} 
   </select>
   
   
   <insert id="register">
      insert into company (company_id, company_name, company_phone, company_addr, company_man, company_partner_start, company_partner_end) 
      values (#{company_id}, #{company_name}, #{company_phone}, #{company_addr},#{company_man},#{company_partner_start},#{company_partner_end})
   </insert>
   
   <update id="modify">
      update company set company_name = #{company_name}, company_phone = #{company_phone}, company_man = #{company_man}, company_partner_end = #{company_partner_end} where company_id = #{company_id}   
   </update>
   
   
   <delete id="delete">
      delete from company where company_id = #{company_id}
   </delete>
   
   
      
</mapper>